seed,baseline_s,adaptive_s,saved_s,winner,baseline_stops,adaptive_stops,baseline_mean_lap_s,adaptive_mean_lap_s,replans,mean_decision_ms,max_decision_ms,fuel_failures,tyre_violations,forced_pits_baseline,forced_pits_adaptive,invalid_plans,baseline_invalid_plans,baseline_tyre_violations,completed,category,error
10000,1887.331771851434,1887.0017649391536,0.33000691228039614,ADAPTIVE,1,1,75.49327087405736,75.48007059756614,3,39.71356673476597,101.66750010102987,0,0,0,0,0,0,0,True,DRY,
10001,1995.785774317544,1995.2708626333742,0.5149116841698742,ADAPTIVE,1,1,79.83143097270177,79.81083450533497,4,19.854224985465407,57.066099951043725,0,0,0,0,0,0,0,True,SC_ONLY,
10002,2113.4281380438456,2119.2714507472156,-5.843312703369975,BASELINE,1,1,84.53712552175382,84.77085802988863,8,26.990550017217174,56.01729988120496,0,0,0,0,0,0,0,True,RAIN_AND_SC,
10003,2074.1861067535683,2064.099031802084,10.087074951484283,ADAPTIVE,1,1,82.96744427014274,82.56396127208336,7,31.609771473865425,51.69220012612641,0,0,0,0,0,0,0,True,SC_ONLY,
10004,1939.6625021010134,1937.307212909698,2.355289191315478,ADAPTIVE,1,1,77.58650008404054,77.49228851638792,6,16.208533275251586,53.490899968892336,0,0,0,0,0,0,0,True,SC_ONLY,
10005,1954.369150068403,1980.0659859900477,-25.696835921644606,BASELINE,1,2,78.17476600273612,79.20263943960191,11,18.61350005492568,50.43870001100004,0,0,0,0,0,0,0,True,RAIN_ONLY,
10006,1968.8194651582196,1959.4872140558389,9.332251102380724,ADAPTIVE,1,1,78.75277860632879,78.37948856223356,5,38.37674004025757,54.88499999046326,0,0,0,0,0,0,0,True,SC_ONLY,
10007,1968.1917576211947,1957.5637697821262,10.62798783906851,ADAPTIVE,1,1,78.72767030484779,78.30255079128504,5,37.24328000098467,55.55969988927245,0,0,0,0,0,0,0,True,SC_ONLY,
10008,2116.169662700036,2116.169662700036,0.0,TIE,1,1,84.64678650800144,84.64678650800144,9,20.01516671023435,59.09140012226999,0,0,0,0,0,0,0,True,RAIN_AND_SC,
10009,1982.3756522205497,1932.8191153025962,49.55653691795351,ADAPTIVE,2,1,79.29502608882198,77.31276461210385,6,19.56823336270948,47.30820003896952,0,0,1,0,0,0,0,True,RAIN_ONLY,
10010,1897.7057770666581,1895.755424076699,1.9503529899591285,ADAPTIVE,1,1,75.90823108266632,75.83021696306795,6,15.944549969087044,54.10069995559752,0,0,0,0,0,0,0,True,RAIN_ONLY,
10011,2069.9336576679066,2047.6683580196107,22.265299648295922,ADAPTIVE,1,3,82.79734630671626,81.90673432078442,12,30.6808083356979,60.32189982943237,0,0,0,0,0,0,0,True,RAIN_AND_SC,
10012,2047.9471080823891,2024.429441711018,23.517666371371206,ADAPTIVE,1,2,81.91788432329557,80.97717766844072,9,18.241833378043438,53.51140000857413,0,0,0,0,0,0,0,True,RAIN_AND_SC,
10013,1967.5426355801492,1969.0286663599836,-1.4860307798344365,BASELINE,1,1,78.70170542320596,78.76114665439934,5,13.345840014517307,48.75229997560382,0,0,0,0,0,0,0,True,SC_ONLY,
10014,1898.8477322830356,1897.3467814953256,1.5009507877100532,ADAPTIVE,1,1,75.95390929132142,75.89387125981303,7,15.502299947131958,54.759099846705794,0,0,0,0,0,0,0,True,RAIN_ONLY,
10015,1963.3660439541811,1968.739375249951,-5.373331295769958,BASELINE,1,2,78.53464175816724,78.74957500999804,10,33.76627000980079,96.71770012937486,0,0,0,0,0,0,0,True,RAIN_ONLY,
10016,1886.7981443724962,1886.021516140324,0.7766282321722429,ADAPTIVE,1,1,75.47192577489984,75.44086064561296,3,24.47639995565017,59.35590015724301,0,0,0,0,0,0,0,True,DRY,
10017,2061.229539767916,1984.11435040852,77.1151893593958,ADAPTIVE,2,1,82.44918159071663,79.3645740163408,7,24.15508574007877,59.70160011202097,0,0,1,0,0,0,0,True,RAIN_AND_SC,
10018,1939.0845707032577,1921.8637882723228,17.220782430934833,ADAPTIVE,1,1,77.5633828281303,76.87455153089292,4,23.94732495304197,51.280499901622534,0,0,0,0,0,0,0,True,SC_ONLY,
10019,1940.9272725186936,1938.7871909694845,2.1400815492090715,ADAPTIVE,1,1,77.63709090074775,77.55148763877938,4,28.430425038095564,82.90840010158718,0,0,0,0,0,0,0,True,SC_ONLY,
10020,1886.6539874641967,1883.903932030392,2.7500554338046186,ADAPTIVE,1,1,75.46615949856786,75.35615728121569,4,24.824774998705834,54.004599805921316,0,0,0,0,0,0,0,True,DRY,
10021,2008.8153482415428,1941.622033620599,67.19331462094374,ADAPTIVE,2,2,80.35261392966171,77.66488134482397,8,25.08043751004152,51.3950998429209,0,0,1,0,0,0,0,True,RAIN_ONLY,
10022,1966.4693144003973,1960.2835486861227,6.185765714274567,ADAPTIVE,1,2,78.65877257601589,78.41134194744491,7,12.246314303151198,50.75860000215471,0,0,0,0,0,0,0,True,RAIN_ONLY,
10023,1886.779961428297,1884.6166134363345,2.1633479919623824,ADAPTIVE,1,1,75.47119845713188,75.38466453745338,3,24.197166707987588,51.867700181901455,0,0,0,0,0,0,0,True,DRY,
10024,1993.27725961793,1990.8788236885941,2.3984359293358466,ADAPTIVE,1,1,79.7310903847172,79.63515294754376,8,18.55057501234114,59.9893000908196,0,0,0,0,0,0,0,True,RAIN_AND_SC,
10025,1993.3700817809338,1993.8893935963827,-0.519311815448873,BASELINE,1,1,79.73480327123735,79.7555757438553,8,19.192562525859103,50.49340007826686,0,0,0,0,0,0,0,True,RAIN_AND_SC,
10026,2024.5290136137785,1961.0105108174484,63.51850279633004,ADAPTIVE,1,1,80.98116054455114,78.44042043269793,4,20.033624954521656,51.63090000860393,0,0,0,0,0,0,0,True,RAIN_AND_SC,
10027,1970.6139544608302,1959.4977088986002,11.116245562230006,ADAPTIVE,1,1,78.82455817843321,78.37990835594401,4,22.823625011369586,47.594300005584955,0,0,0,0,0,0,0,True,RAIN_ONLY,
10028,2010.0102560630392,1995.6325510849808,14.377704978058318,ADAPTIVE,1,2,80.40041024252156,79.82530204339923,7,14.548971450754575,49.127599922940135,0,0,0,0,0,0,0,True,RAIN_AND_SC,
10029,1912.6971777813735,1913.1604086814643,-0.4632309000908208,BASELINE,1,1,76.50788711125495,76.52641634725858,7,22.936585691890546,67.57120019756258,0,0,0,0,0,0,0,True,RAIN_ONLY,
